<?xml version="1.0" encoding="UTF-8"?>

<appconfig>

	<config id="version" value="1.0" description="This is te first version"/>

	<config id="flowControlClass" value="bussiness.dispatcher.FlowCtrlImpl" description="Class which impl the Interface FlowCtrlIf"/>


	<datasource id="JDBCdb" name="DB2e local database" type="JDBC">
		<dsparam name="driver" value="com.ibm.db2e.jdbc.DB2eDriver"/>
		<dsparam name="url" value="jdbc:db2e:C:\\sqs_takaful\\app\\trunk\\DB2e\\data\\local\\"/>
		<dsparam name="userid" value="SQSADMIN"/>
    	<dsparam name="password" value="29acfd45810dcae5fa6ff27fe77fef238719f08b6f806864e68149c75597a6f8"/>
	</datasource>


	<factory type="to" className="service.to.DynaTOFactory" cache="false"/>
	
	<factory type="action" className="bussiness.action.DynaActionFactory" cache="true"/>
	
	<factory type="initialiser" className="bussiness.initialiser.DynaInitialiserFactory" cache="true"/>
	
	<factory type="validator" className="bussiness.validator.DynaValidatorFactory" cache="true"/>
	
	<factory type="processor" className="bussiness.processor.DynaProcessorFactory" cache="true"/>
	
	<factory type="db" className="integretion.persistence.DB2eConnectionFactory" cache="true"/>
</appconfig>