<?xml version="1.0" encoding="UTF-8"?>

<bizconfig>

<map  id="USERPROFILE" description="USER Profile"
      view="/MyJSP/UserProfile.jsp"
      bean="service.to.UserProfileTO"
      action="bussiness.action.BaseActionCtrl"
      initialiser="bussiness.initialiser.UserProfileInitialiser"
      validator="bussiness.validator.UserProfileValidator"
      processor="bussiness.processor.UserProfileProcessor"
      />
      
<map  id="SUPPLEMENT" description="USER Detail SUPPLEMENT"
      view="/MyJSP/UserProfile.jsp"
      bean="service.to.UserProfileTO"
      action="bussiness.action.SupplementActionCtrl"
      initialiser="bussiness.initialiser.UserProfileInitialiser"
      validator="bussiness.validator.UserProfileValidator"
      processor="bussiness.processor.UserProfileProcessor"
      />
      
<map  id="CATEGORY" description="CATEGORY"
      view="/MyJSP/Category.jsp"
      bean="service.to.CategoryTO"
      action="bussiness.action.BaseActionCtrl"
      initialiser="bussiness.initialiser.CategoryInitialiser"
      validator="bussiness.validator.CategoryValidator"
      processor="bussiness.processor.CategoryProcessor"
      />
      
<map  id="FOODLIST" description="FOODLIST"
      view="/MyJSP/FoodDetails.jsp"
      bean="service.to.ProductListTO"
      action="bussiness.action.BaseActionCtrl"
      initialiser="bussiness.initialiser.FoodListInitialiser"
      validator="bussiness.validator.FoodListValidator"
      processor="bussiness.processor.ProductListProcessor"
      />
 
<map  id="DRINKLIST" description="DRINKLIST"
      view="/MyJSP/Category.jsp"
      bean="service.to.ProductListTO"
      action="bussiness.action.BaseActionCtrl"
      initialiser="bussiness.initialiser.FoodListInitialiser"
      validator="bussiness.validator.FoodListValidator"
      processor="bussiness.processor.ProductListProcessor"
      />     
      
<map  id="TOYLIST" description="TOYLIST"
      view="/MyJSP/Category.jsp"
      bean="service.to.ProductListTO"
      action="bussiness.action.BaseActionCtrl"
      initialiser="bussiness.initialiser.FoodListInitialiser"
      validator="bussiness.validator.FoodListValidator"
      processor="bussiness.processor.ProductListProcessor"
      />      
      
      
      
<map  id="BREAD" description="BREAD"
      view="/MyJSP/Bread.jsp"
      bean="service.to.BreadTO"
      action="bussiness.action.PdtDetailActionCtrl"
      initialiser="bussiness.initialiser.BreadInitialiser"
      validator="bussiness.validator.BreadValidator"
      processor="bussiness.processor.BreadProcessor"
      />    
      
      
<map  id="RPTGENPDF" description="Report Generation - PDF"
      view="/MyJSP/PDFDisplay.jsp"
      bean="service.to.ReportTO"
      action="bussiness.action.BaseActionCtrl"
      processor="bussiness.processor.PDFRptGenerationProcessor"
      />
      
      
</bizconfig>